Diagnosis,count,first_year,last_year,General_Category,,,
ASTHMA NOS,18681,2019,2022,Respiratory Conditions,,,
ASTHMA NOS W (AC) EXAC,91,2019,2022,Respiratory Conditions,,,
ASTHMA W STATUS ASTHMAT,18,2019,2022,Respiratory Conditions,,,
"Acute erythroid leukemia, in relapse",1,2023,2023,Blood Disorders,,,
"Acute erythroid leukemia, in remission",2,2022,2023,Blood Disorders,,,
"Acute ischemic heart disease, unspecified",3938,2022,2024,Heart Diseases,,,
"Acute leukemia of unspecified cell type, in relapse",2,2022,2023,Blood Disorders,,,
Acute lymphoblastic leukemia not having achieved remission,3,2022,2023,Blood Disorders,,,
"Acute lymphoblastic leukemia, in relapse",6,2022,2023,Blood Disorders,,,
"Acute lymphoblastic leukemia, in remission",5,2022,2024,Blood Disorders,,,
"Acute myeloblastic leukemia, in relapse",5,2022,2024,Blood Disorders,,,
"Acute myeloblastic leukemia, in remission",3,2022,2023,Blood Disorders,,,
"Acute myeloblastic leukemia, not having achieved remission",1,2023,2023,Blood Disorders,,,
Acute myeloid leukemia with 11q23-abnormality in relapse,5,2023,2023,Blood Disorders,,,
"Acute myeloid leukemia with multilineage dysplasia, in relapse",5,2022,2023,Blood Disorders,,,
"Acute myeloid leukemia with multilineage dysplasia, in remission",1,2023,2023,Blood Disorders,,,
"Acute myeloid leukemia with multilineage dysplasia, not having achieved remission",1,2023,2023,Blood Disorders,,,
"Acute myelomonocytic leukemia, in relapse",4,2022,2024,Blood Disorders,,,
"Acute myelomonocytic leukemia, in remission",1,2023,2023,Blood Disorders,,,
"Acute myelomonocytic leukemia, not having achieved remission",1,2024,2024,Blood Disorders,,,
"Anaplastic large cell lymphoma, ALK-negative, intra-abdominal lymph nodes",1,2022,2022,Blood Disorders,,,
"Anaplastic large cell lymphoma, ALK-positive, spleen",1,2023,2023,Blood Disorders,,,
Angioimmunoblastic T-cell lymphoma,1,2023,2023,Blood Disorders,,,
Angiosarcoma of liver,4,2023,2023,Liver and Pancreatic Cancers,,,
"Atypical chronic myeloid leukemia, BCR/ABL-negative, in relapse",2,2022,2023,Blood Disorders,,,
"Atypical chronic myeloid leukemia, BCR/ABL-negative, in remission",9,2022,2024,Blood Disorders,,,
"Atypical chronic myeloid leukemia, BCR/ABL-negative, not having achieved remission",1,2022,2022,Blood Disorders,,,
BENIGN HYPERTENSION,4637,2019,2022,Hypertension,,,
Basal cell carcinoma of anal skin,2,2022,2023,Skin Cancers,,,
Basal cell carcinoma of skin of breast,17,2022,2023,Skin Cancers,,,
Basal cell carcinoma of skin of lip,2,2022,2023,Skin Cancers,,,
Basal cell carcinoma of skin of nose,16,2022,2024,Skin Cancers,,,
Basal cell carcinoma of skin of other parts of face,3,2023,2023,Skin Cancers,,,
"Basal cell carcinoma of skin of right lower eyelid, including canthus",3,2022,2023,Skin Cancers,,,
Basal cell carcinoma of skin of scalp and neck,5,2022,2024,Skin Cancers,,,
"Basal cell carcinoma of skin, unspecified",21,2022,2024,Skin Cancers,,,
Benign intracranial hypertension,54,2022,2024,Hypertension,,,
Blastic NK-cell lymphoma,13,2022,2023,Blood Disorders,,,
"Burkitt lymphoma, lymph nodes of head, face, and neck",1,2022,2022,Blood Disorders,,,
"Burkitt lymphoma, spleen",4,2022,2023,Blood Disorders,,,
"Burkitt lymphoma, unspecified site",1,2023,2023,Blood Disorders,,,
CHR OBS ASTHMA W STAT ASTH,1,2022,2022,Respiratory Conditions,,,
CHRONIC OBST ASTHMA NOS,11,2019,2022,Respiratory Conditions,,,
COUGH VARIANT ASTHMA,253,2019,2022,Respiratory Conditions,,,
"Chronic ischemic heart disease, unspecified",2025,2022,2024,Heart Diseases,,,
Chronic leukemia of unspecified cell type not having achieved remission,1,2023,2023,Blood Disorders,,,
"Chronic leukemia of unspecified cell type, in relapse",5,2022,2023,Blood Disorders,,,
"Chronic leukemia of unspecified cell type, in remission",3,2022,2023,Blood Disorders,,,
Chronic lymphocytic leukemia of B-cell type in relapse,18,2022,2024,Blood Disorders,,,
Chronic lymphocytic leukemia of B-cell type in remission,27,2022,2024,Blood Disorders,,,
Chronic lymphocytic leukemia of B-cell type not having achieved remission,18,2022,2024,Blood Disorders,,,
"Chronic myeloid leukemia, BCR/ABL-positive, in relapse",86,2022,2024,Blood Disorders,,,
"Chronic myeloid leukemia, BCR/ABL-positive, in remission",70,2022,2024,Blood Disorders,,,
"Chronic myeloid leukemia, BCR/ABL-positive, not having achieved remission",10,2022,2024,Blood Disorders,,,
"Chronic myelomonocytic leukemia, in relapse",16,2022,2023,Blood Disorders,,,
"Chronic myelomonocytic leukemia, in remission",15,2022,2023,Blood Disorders,,,
Chronic obstructive pulmonary disease with (acute) exacerbation,11108,2022,2024,Respiratory Conditions,,,
Chronic obstructive pulmonary disease with acute lower respiratory infection,2,2022,2022,Respiratory Conditions,,,
"Chronic obstructive pulmonary disease, unspecified",195,2022,2024,Respiratory Conditions,,,
Chronic thromboembolic pulmonary hypertension,8,2022,2024,Respiratory Conditions,,,
Chronic venous hypertension (idiopathic) with inflammation of left lower extremity,1,2023,2023,Hypertension,,,
Chronic venous hypertension (idiopathic) with inflammation of right lower extremity,1,2022,2022,Hypertension,,,
Chronic venous hypertension (idiopathic) with other complications of bilateral lower extremity,1824,2022,2024,Hypertension,,,
Chronic venous hypertension (idiopathic) with other complications of left lower extremity,2,2022,2023,Hypertension,,,
Chronic venous hypertension (idiopathic) with ulcer and inflammation of left lower extremity,1,2023,2023,Hypertension,,,
Chronic venous hypertension (idiopathic) with ulcer and inflammation of right lower extremity,2,2022,2022,Hypertension,,,
Chronic venous hypertension (idiopathic) with ulcer and inflammation of unspecified lower extremity,2,2022,2022,Hypertension,,,
Chronic venous hypertension (idiopathic) with ulcer of bilateral lower extremity,7,2022,2023,Hypertension,,,
Chronic venous hypertension (idiopathic) with ulcer of left lower extremity,17,2022,2023,Hypertension,,,
Chronic venous hypertension (idiopathic) with ulcer of right lower extremity,10,2022,2024,Hypertension,,,
Chronic venous hypertension (idiopathic) with ulcer of unspecified lower extremity,1,2023,2023,Hypertension,,,
Chronic venous hypertension (idiopathic) without complications of unspecified lower extremity,1,2022,2022,Hypertension,,,
Congenital hypothyroidism with diffuse goiter,14,2022,2023,Endocrine Disorders,,,
Congenital hypothyroidism without goiter,69,2022,2024,Endocrine Disorders,,,
Cough variant asthma,2894,2022,2024,Respiratory Conditions,,,
"Cutaneous follicle center lymphoma, lymph nodes of head, face, and neck",1,2022,2022,Blood Disorders,,,
"Cutaneous follicle center lymphoma, spleen",2,2022,2023,Blood Disorders,,,
DIABETES IN PREG-UNSPEC,24,2019,2022,Diabetes Mellitus,,,
DIABETES INSIPIDUS,108,2019,2022,Diabetes Mellitus,,,
DIABETES-ANTEPARTUM,1,2019,2019,Diabetes Mellitus,,,
DIABETES-DELIVERED,4,2020,2022,Diabetes Mellitus,,,
DIABETES-POSTPARTUM,1,2021,2021,Diabetes Mellitus,,,
Diabetes insipidus,15241,2022,2024,Diabetes Mellitus,,,
Diabetes mellitus due to underlying condition with diabetic amyotrophy,1,2022,2022,Diabetes Mellitus,,,
Diabetes mellitus due to underlying condition with diabetic cataract,3,2022,2023,Diabetes Mellitus,,,
Diabetes mellitus due to underlying condition with diabetic chronic kidney disease,1,2023,2023,Diabetes Mellitus,,,
Diabetes mellitus due to underlying condition with diabetic dermatitis,1,2022,2022,Diabetes Mellitus,,,
Diabetes mellitus due to underlying condition with diabetic mononeuropathy,1,2022,2022,Diabetes Mellitus,,,
Diabetes mellitus due to underlying condition with diabetic nephropathy,2,2022,2023,Chronic Kidney Diseases,,,
Diabetes mellitus due to underlying condition with diabetic neuropathic arthropathy,16,2022,2023,Diabetes Mellitus,,,
"Diabetes mellitus due to underlying condition with diabetic neuropathy, unspecified",20,2022,2023,Diabetes Mellitus,,,
Diabetes mellitus due to underlying condition with diabetic peripheral angiopathy without gangrene,1,2023,2023,Diabetes Mellitus,,,
Diabetes mellitus due to underlying condition with diabetic polyneuropathy,5,2022,2023,Diabetes Mellitus,,,
Diabetes mellitus due to underlying condition with foot ulcer,8,2022,2023,Diabetes Mellitus,,,
Diabetes mellitus due to underlying condition with hyperglycemia,10,2022,2023,Diabetes Mellitus,,,
Diabetes mellitus due to underlying condition with hyperosmolarity with coma,5260,2022,2024,Diabetes Mellitus,,,
Diabetes mellitus due to underlying condition with hyperosmolarity without nonketotic hyperglycemic-,2,2022,2022,Diabetes Mellitus,,,
Diabetes mellitus due to underlying condition with ketoacidosis with coma,1,2022,2022,Diabetes Mellitus,,,
Diabetes mellitus due to underlying condition with ketoacidosis without coma,2,2022,2022,Diabetes Mellitus,,,
Diabetes mellitus due to underlying condition with moderate nonproliferative diabetic retinopathy wi,1,2023,2023,Diabetes Mellitus,,,
Diabetes mellitus due to underlying condition with other diabetic arthropathy,2,2022,2023,Diabetes Mellitus,,,
Diabetes mellitus due to underlying condition with other skin complications,1,2022,2022,Diabetes Mellitus,,,
Diabetes mellitus due to underlying condition with other skin ulcer,2,2022,2023,Diabetes Mellitus,,,
Diabetes mellitus due to underlying condition with periodontal disease,1,2023,2023,Diabetes Mellitus,,,
Diabetes mellitus due to underlying condition with proliferative diabetic retinopathy with combined ,4,2023,2023,Diabetes Mellitus,,,
Diabetes mellitus due to underlying condition with proliferative diabetic retinopathy with macular e,1,2022,2022,Diabetes Mellitus,,,
Diabetes mellitus due to underlying condition with proliferative diabetic retinopathy with traction ,1,2023,2023,Diabetes Mellitus,,,
Diabetes mellitus due to underlying condition with severe nonproliferative diabetic retinopathy with,1,2022,2022,Diabetes Mellitus,,,
Diabetes mellitus due to underlying condition with unspecified complications,1,2022,2022,Diabetes Mellitus,,,
Diabetes mellitus due to underlying condition with unspecified diabetic retinopathy with macular ede,1,2023,2023,Diabetes Mellitus,,,
Diabetes mellitus due to underlying condition with unspecified diabetic retinopathy without macular ,2,2023,2023,Diabetes Mellitus,,,
Diabetes mellitus due to underlying condition without complications,1,2023,2023,Diabetes Mellitus,,,
"Diffuse follicle center lymphoma, spleen",3,2022,2023,Blood Disorders,,,
"Diffuse large B-cell lymphoma, lymph nodes of multiple sites",1,2023,2023,Blood Disorders,,,
"Diffuse large B-cell lymphoma, spleen",4,2023,2023,Blood Disorders,,,
"Diffuse large B-cell lymphoma, unspecified site",3,2023,2023,Blood Disorders,,,
"Disseminated malignant neoplasm, unspecified",2,2022,2022,Other Cancers,,,
Drug or chemical induced diabetes mellitus with foot ulcer,4,2022,2023,Diabetes Mellitus,,,
Drug or chemical induced diabetes mellitus with hyperglycemia,2,2022,2022,Diabetes Mellitus,,,
Drug or chemical induced diabetes mellitus with mild nonproliferative diabetic retinopathy with macu,1,2023,2023,Diabetes Mellitus,,,
"Drug or chemical induced diabetes mellitus with neurological complications with diabetic neuropathy,",2,2022,2023,Diabetes Mellitus,,,
Drug or chemical induced diabetes mellitus with neurological complications with diabetic polyneuropa,1,2022,2022,Diabetes Mellitus,,,
Drug or chemical induced diabetes mellitus with neurological complications with other diabetic neuro,1,2023,2023,Diabetes Mellitus,,,
Drug or chemical induced diabetes mellitus with other diabetic kidney complication,1,2022,2022,Diabetes Mellitus,,,
Drug or chemical induced diabetes mellitus with other oral complications,1,2022,2022,Diabetes Mellitus,,,
Drug or chemical induced diabetes mellitus with proliferative diabetic retinopathy with combined tra,1,2022,2022,Diabetes Mellitus,,,
"Drug or chemical induced diabetes mellitus with stable proliferative diabetic retinopathy, right eye",1,2022,2022,Diabetes Mellitus,,,
END STAGE RENAL DISEASE,3079,2019,2023,Chronic Kidney Diseases,,,
EXT ASTHMA W STATUS ASTH,10,2019,2022,Respiratory Conditions,,,
EXT ASTHMA W(ACUTE) EXAC,862,2019,2022,Respiratory Conditions,,,
EXTRINSIC ASTHMA NOS,21,2019,2022,Respiratory Conditions,,,
"Elevated blood-pressure reading, without diagnosis of hypertension",3992,2022,2024,Hypertension,,,
End stage renal disease,4354,2022,2024,Chronic Kidney Diseases,,,
Eosinophilic asthma,196,2022,2024,Respiratory Conditions,,,
Essential (primary) hypertension,169573,2022,2024,Hypertension,,,
Extranodal marginal zone B-cell lymphoma of mucosa-associated lymphoid tissue [MALT-lymphoma],1,2023,2023,Blood Disorders,,,
FAM HX-DIABETES MELLITUS,21,2019,2022,Other Conditions,,,
FAMILY HX-ASTHMA,1,2020,2020,Other Conditions,,,
Family history of asthma and other chronic lower respiratory diseases,8,2022,2023,Other conditions,,,
Family history of ischemic heart disease and other diseases of the circulatory system,62,2022,2024,Other Conditions,,,
"Follicular lymphoma grade I, intrapelvic lymph nodes",1,2023,2023,Blood Disorders,,,
"Follicular lymphoma grade I, lymph nodes of axilla and upper limb",1,2023,2023,Blood Disorders,,,
"Follicular lymphoma grade I, lymph nodes of head, face, and neck",1,2023,2023,Blood Disorders,,,
"Follicular lymphoma grade I, lymph nodes of inguinal region and lower limb",1,2023,2023,Blood Disorders,,,
"Follicular lymphoma grade I, spleen",26,2022,2024,Blood Disorders,,,
"Follicular lymphoma grade II, lymph nodes of inguinal region and lower limb",2,2023,2023,Blood Disorders,,,
"Follicular lymphoma grade II, spleen",18,2022,2023,Blood Disorders,,,
"Follicular lymphoma grade II, unspecified site",3,2022,2022,Blood Disorders,,,
"Follicular lymphoma grade IIIa, spleen",2,2022,2022,Blood Disorders,,,
"Follicular lymphoma grade IIIb, spleen",1,2022,2022,Blood Disorders,,,
"Follicular lymphoma, unspecified, spleen",2,2022,2024,Blood Disorders,,,
"Follicular lymphoma, unspecified, unspecified site",2,2023,2023,Blood Disorders,,,
Gastrointestinal stromal tumor of esophagus,1,2022,2022,Gastrointestinal Cancers,,,
Gastrointestinal stromal tumor of large intestine,1,2023,2023,Gastrointestinal Cancers,,,
Gastrointestinal stromal tumor of other sites,2,2023,2023,Gastrointestinal Cancers,,,
Gastrointestinal stromal tumor of rectum,1,2023,2023,Gastrointestinal Cancers,,,
Gastrointestinal stromal tumor of small intestine,6,2022,2023,Gastrointestinal Cancers,,,
Gastrointestinal stromal tumor of stomach,13,2022,2023,Gastrointestinal Cancers,,,
"Gastrointestinal stromal tumor, unspecified site",3,2022,2023,Gastrointestinal Cancers,,,
"Gestational [pregnancy-induced] hypertension without significant proteinuria, complicating childbirt",2,2022,2023,Hypertension,,,
"Gestational [pregnancy-induced] hypertension without significant proteinuria, complicating the puerp",1,2023,2023,Hypertension,,,
"Gestational [pregnancy-induced] hypertension without significant proteinuria, first trimester",283,2022,2024,Hypertension,,,
"Gestational [pregnancy-induced] hypertension without significant proteinuria, third trimester",17,2022,2024,Hypertension,,,
"Gestational [pregnancy-induced] hypertension without significant proteinuria, unspecified trimester",767,2022,2024,Hypertension,,,
"Gestational diabetes mellitus in childbirth, diet controlled",4,2022,2023,Diabetes Mellitus,,,
"Gestational diabetes mellitus in childbirth, insulin controlled",3,2022,2023,Diabetes Mellitus,,,
"Gestational diabetes mellitus in childbirth, unspecified control",1,2022,2022,Diabetes Mellitus,,,
"Gestational diabetes mellitus in pregnancy, controlled by oral hypoglycemic drugs",3,2023,2023,Diabetes Mellitus,,,
"Gestational diabetes mellitus in pregnancy, diet controlled",26,2022,2024,Diabetes Mellitus,,,
"Gestational diabetes mellitus in pregnancy, insulin controlled",24,2022,2024,Diabetes Mellitus,,,
"Gestational diabetes mellitus in pregnancy, unspecified control",16,2022,2024,Diabetes Mellitus,,,
"Gestational diabetes mellitus in the puerperium, diet controlled",1,2022,2022,Diabetes Mellitus,,,
HYPERTENSION NOS,92952,2019,2023,Hypertension,,,
HYPOTHYROIDISM NOS,19610,2019,2022,Endocrine Disorders,,,
"Hairy cell leukemia, in remission",3,2022,2022,Blood Disorders,,,
Heavy chain disease,10,2022,2024,Other Conditions,,,
Hepatoblastoma,2,2022,2023,Liver and Pancreatic Cancers,,,
Hepatosplenic T-cell lymphoma,2,2022,2023,Blood Disorders,,,
Histiocytic sarcoma,12,2022,2024,Other Cancers,,,
"Hodgkin lymphoma, unspecified, lymph nodes of head, face, and neck",1,2023,2023,Blood Disorders,,,
"Hodgkin lymphoma, unspecified, lymph nodes of multiple sites",1,2023,2023,Blood Disorders,,,
"Hodgkin lymphoma, unspecified, spleen",19,2022,2023,Blood Disorders,,,
"Hodgkin lymphoma, unspecified, unspecified site",4,2022,2023,Blood Disorders,,,
Hypertension secondary to endocrine disorders,10,2022,2023,Hypertension,,,
Hypertension secondary to other renal disorders,13,2022,2023,Hypertension,,,
Hypertensive chronic kidney disease with stage 5 chronic kidney disease or end stage renal disease,63,2022,2024,Chronic Kidney Diseases,,Hypertension,
Hypertensive heart and chronic kidney disease with heart failure and with stage 5 chronic kidney dis,88,2022,2024,Chronic Kidney Diseases,,Heart Disease,Hypertension
"Hypertensive heart and chronic kidney disease without heart failure, with stage 5 chronic kidney dis",86,2022,2024,Chronic Kidney Diseases,,Heart Disease,Hypertension
Hypothyroidism due to medicaments and other exogenous substances,79,2022,2024,Endocrine Disorders,,,
"Hypothyroidism, unspecified",28674,2022,2024,Endocrine Disorders,,,
INT ASTHMA W (AC) EXAC,86,2019,2022,Respiratory Conditions,,,
INTRINSIC ASTHMA NOS,1,2020,2020,Respiratory Conditions,,,
IODINE HYPOTHYROIDISM,4,2019,2021,Endocrine Disorders,,,
Intrahepatic bile duct carcinoma,2,2022,2022,Liver and Pancreatic Cancers,,,
Kaposis sarcoma of other sites,3,2022,2023,Other Cancers,,,
Kaposis sarcoma of skin,7,2022,2023,Skin Cancers,,,
Kaposis sarcoma of soft tissue,1,2023,2023,Other Cancers,,,
"Leukemia, unspecified, in relapse",21,2022,2024,Blood Disorders,,,
"Leukemia, unspecified, in remission",3,2022,2023,Blood Disorders,,,
Liver cell carcinoma,49,2022,2024,Liver and Pancreatic Cancers,,,
"Lymphoblastic (diffuse) lymphoma, spleen",1,2023,2023,Blood Disorders,,,
"Lymphocyte-rich Hodgkin lymphoma, spleen",1,2022,2022,Blood Disorders,,,
MALIGNANT HYPERTENSION,541,2019,2022,Hypertension,,,
"Malignant (primary) neoplasm, unspecified",10,2022,2023,Other Cancers,,,
Malignant carcinoid tumor of the appendix,2,2022,2022,Gastrointestinal Cancers,,,
Malignant carcinoid tumor of the ascending colon,5,2022,2023,Gastrointestinal Cancers,,,
Malignant carcinoid tumor of the bronchus and lung,19,2022,2024,Lung Cancer,,,
Malignant carcinoid tumor of the descending colon,6,2022,2023,Gastrointestinal Cancers,,,
Malignant carcinoid tumor of the ileum,1,2023,2023,Gastrointestinal Cancers,,,
Malignant carcinoid tumor of the kidney,12,2022,2023,Bladder and Kidney Cancers,,,
Malignant carcinoid tumor of the rectum,2,2022,2023,Gastrointestinal Cancers,,,
Malignant carcinoid tumor of the sigmoid colon,15,2022,2024,Gastrointestinal Cancers,,,
"Malignant carcinoid tumor of the small intestine, unspecified portion",1,2023,2023,Gastrointestinal Cancers,,,
Malignant carcinoid tumor of the stomach,2,2022,2023,Gastrointestinal Cancers,,,
Malignant carcinoid tumor of the transverse colon,1,2022,2022,Gastrointestinal Cancers,,,
Malignant carcinoid tumor of unspecified site,3,2022,2023,Other Cancers,,,
Malignant melanoma of lip,1,2022,2022,Skin Cancers,,,
Malignant melanoma of nose,2,2022,2023,Skin Cancers,,,
Malignant melanoma of other part of trunk,1,2022,2022,Skin Cancers,,,
Malignant melanoma of skin of breast,8,2022,2023,Skin Cancers,,,
"Malignant melanoma of skin, unspecified",709,2022,2024,Skin Cancers,,,
"Malignant melanoma of unspecified lower limb, including hip",1,2023,2023,Skin Cancers,,,
Malignant neoplasm of abdomen,21,2022,2024,Other Cancers,,,
"Malignant neoplasm of accessory sinus, unspecified",1,2022,2022,Other Cancers,,,
Malignant neoplasm of ampulla of Vater,3,2023,2023,Other Cancers,,,
Malignant neoplasm of anal canal,3,2022,2023,Gastrointestinal Cancers,,,
Malignant neoplasm of anterior mediastinum,1,2023,2023,Other Cancers,,,
"Malignant neoplasm of anus, unspecified",1,2023,2023,Gastrointestinal Cancers,,,
Malignant neoplasm of appendix,3,2023,2024,Gastrointestinal Cancers,,,
Malignant neoplasm of ascending colon,13,2022,2024,Gastrointestinal Cancers,,,
Malignant neoplasm of axillary tail of left female breast,42,2022,2024,Breast Cancers,,,
Malignant neoplasm of axillary tail of left male breast,4,2022,2023,Other Cancers,,,
Malignant neoplasm of axillary tail of right female breast,25,2022,2023,Breast Cancers,,,
Malignant neoplasm of axillary tail of right male breast,2,2022,2023,Other Cancers,,,
Malignant neoplasm of axillary tail of unspecified female breast,1,2022,2022,Breast Cancers,,,
Malignant neoplasm of base of tongue,2,2022,2022,Other Cancers,,,
"Malignant neoplasm of biliary tract, unspecified",5,2022,2023,Liver and Pancreatic Cancers,,,
Malignant neoplasm of bladder neck,44,2022,2024,Bladder and Kidney Cancers,,,
"Malignant neoplasm of bladder, unspecified",108,2022,2024,Bladder and Kidney Cancers,,,
Malignant neoplasm of body of pancreas,1,2024,2024,Liver and Pancreatic Cancers,,,
Malignant neoplasm of body of stomach,12,2022,2024,Gastrointestinal Cancers,,,
"Malignant neoplasm of bone and articular cartilage, unspecified",2,2022,2023,Bone Cancers,,,
Malignant neoplasm of bones of skull and face,1,2023,2023,Bone Cancers,,,
Malignant neoplasm of border of tongue,1,2023,2023,Other Cancers,,,
Malignant neoplasm of brain stem,59,2022,2024,Other Cancers,,,
"Malignant neoplasm of brain, unspecified",77,2022,2024,Other Cancers,,,
Malignant neoplasm of cardia,20,2022,2023,Other Cancers,,,
Malignant neoplasm of cecum,4,2022,2024,Other Cancers,,,
Malignant neoplasm of central portion of left female breast,38,2022,2024,Breast Cancers,,,
Malignant neoplasm of central portion of left male breast,1,2023,2023,Other Cancers,,,
Malignant neoplasm of central portion of right female breast,43,2022,2024,Breast Cancers,,,
Malignant neoplasm of central portion of right male breast,6,2022,2023,Other Cancers,,,
Malignant neoplasm of central portion of unspecified female breast,4,2022,2023,Breast Cancers,,,
Malignant neoplasm of central portion of unspecified male breast,1,2023,2023,Other Cancers,,,
Malignant neoplasm of cerebellum,4,2022,2023,Other Cancers,,,
Malignant neoplasm of cerebral meninges,5,2022,2022,Other Cancers,,,
Malignant neoplasm of cerebral ventricle,1,2023,2023,Other Cancers,,,
"Malignant neoplasm of cerebrum, except lobes and ventricles",1,2023,2023,Other Cancers,,,
"Malignant neoplasm of cervix uteri, unspecified",2,2022,2022,Other Cancers,,,
Malignant neoplasm of cheek mucosa,2,2022,2023,Other Cancers,,,
"Malignant neoplasm of colon, unspecified",383,2022,2024,Gastrointestinal Cancers,,,
Malignant neoplasm of connective and soft tissue of abdomen,1,2022,2022,Other Cancers,,,
"Malignant neoplasm of connective and soft tissue, unspecified",2,2022,2023,Other Cancers,,,
Malignant neoplasm of cortex of left adrenal gland,1,2022,2022,Bladder and Kidney Cancers,,,
Malignant neoplasm of craniopharyngeal duct,1,2022,2022,Other Cancers,,,
Malignant neoplasm of descended left testis,21,2022,2024,Other Cancers,,,
Malignant neoplasm of descended right testis,7,2022,2023,Other Cancers,,,
Malignant neoplasm of descending colon,7,2022,2023,Gastrointestinal Cancers,,,
Malignant neoplasm of dome of bladder,17,2022,2024,Bladder and Kidney Cancers,,,
Malignant neoplasm of duodenum,3,2022,2023,Gastrointestinal Cancers,,,
Malignant neoplasm of endocervix,6,2022,2023,Other Cancers,,,
Malignant neoplasm of endocrine pancreas,4,2022,2023,Liver and Pancreatic Cancers,,,
Malignant neoplasm of endometrium,28,2022,2024,Other Cancers,,,
"Malignant neoplasm of esophagus, unspecified",9,2022,2024,Gastrointestinal Cancers,,,
Malignant neoplasm of extrahepatic bile duct,1,2023,2023,Liver and Pancreatic Cancers,,,
"Malignant neoplasm of female genital organ, unspecified",1,2022,2022,Other Cancers,,,
"Malignant neoplasm of floor of mouth, unspecified",1,2023,2023,Other Cancers,,,
Malignant neoplasm of frontal lobe,8,2022,2023,Other Cancers,,,
Malignant neoplasm of fundus of stomach,5,2023,2023,Gastrointestinal Cancers,,,
Malignant neoplasm of fundus uteri,1,2023,2023,Other Cancers,,,
Malignant neoplasm of gallbladder,22,2022,2023,Bladder and Kidney Cancers,,,
Malignant neoplasm of glottis,8,2022,2024,Other Cancers,,,
Malignant neoplasm of hard palate,1,2023,2023,Other Cancers,,,
Malignant neoplasm of head of pancreas,34,2022,2024,Liver and Pancreatic Cancers,,,
"Malignant neoplasm of head, face and neck",3,2022,2023,Other Cancers,,,
Malignant neoplasm of heart,1,2023,2023,Other Cancers,,,
Malignant neoplasm of hepatic flexure,5,2022,2023,Liver and Pancreatic Cancers,,,
Malignant neoplasm of ill-defined sites within the digestive system,2,2023,2023,Other Cancers,,,
Malignant neoplasm of isthmus uteri,1,2023,2023,Other Cancers,,,
Malignant neoplasm of laryngeal cartilage,29,2022,2023,Other Cancers,,,
"Malignant neoplasm of larynx, unspecified",1786,2022,2024,Other Cancers,,,
Malignant neoplasm of lateral wall of bladder,3,2022,2023,Bladder and Kidney Cancers,,,
Malignant neoplasm of left epididymis,1,2023,2023,Other Cancers,,,
Malignant neoplasm of left fallopian tube,2,2023,2023,Other Cancers,,,
"Malignant neoplasm of left kidney, except renal pelvis",11,2022,2023,Bladder and Kidney Cancers,,,
Malignant neoplasm of left main bronchus,18,2022,2024,Other Cancers,,,
Malignant neoplasm of left ovary,4,2022,2023,Other Cancers,,,
Malignant neoplasm of left renal pelvis,25,2022,2023,Bladder and Kidney Cancers,,,
"Malignant neoplasm of left testis, unspecified whether descended or undescended",1,2022,2022,Other Cancers,,,
Malignant neoplasm of left upper limb,1,2022,2022,Other Cancers,,,
Malignant neoplasm of left ureter,1,2022,2022,Other Cancers,,,
Malignant neoplasm of lingual tonsil,27,2022,2023,Other Cancers,,,
"Malignant neoplasm of lip, unspecified",1,2022,2022,Other Cancers,,,
"Malignant neoplasm of liver, not specified as primary or secondary",3677,2022,2024,Liver and Pancreatic Cancers,,,
"Malignant neoplasm of liver, primary, unspecified as to type",6,2023,2023,Liver and Pancreatic Cancers,,,
"Malignant neoplasm of lower lobe, left bronchus or lung",3,2023,2023,Lung Cancer,,,
"Malignant neoplasm of lower lobe, unspecified bronchus or lung",1,2022,2022,Lung Cancer,,,
Malignant neoplasm of lower third of esophagus,4,2022,2023,Gastrointestinal Cancers,,,
Malignant neoplasm of lower-inner quadrant of left female breast,9,2022,2023,Breast Cancers,,,
Malignant neoplasm of lower-inner quadrant of right female breast,3,2022,2023,Breast Cancers,,,
Malignant neoplasm of lower-inner quadrant of unspecified female breast,1,2022,2022,Breast Cancers,,,
Malignant neoplasm of lower-outer quadrant of left female breast,3,2022,2022,Breast Cancers,,,
Malignant neoplasm of lower-outer quadrant of right female breast,4,2022,2022,Breast Cancers,,,
"Malignant neoplasm of major salivary gland, unspecified",1,2023,2023,Other Cancers,,,
Malignant neoplasm of mandible,3,2022,2023,Other Cancers,,,
Malignant neoplasm of maxillary sinus,1,2024,2024,Other Cancers,,,
"Malignant neoplasm of middle lobe, bronchus or lung",14,2022,2023,Lung Cancer,,,
Malignant neoplasm of middle third of esophagus,2333,2022,2024,Gastrointestinal Cancers,,,
"Malignant neoplasm of mouth, unspecified",1,2022,2022,Other Cancers,,,
Malignant neoplasm of myometrium,5,2022,2023,Other Cancers,,,
Malignant neoplasm of nasal cavity,6,2022,2023,Other Cancers,,,
"Malignant neoplasm of nasopharynx, unspecified",13,2022,2023,Other Cancers,,,
"Malignant neoplasm of nipple and areola, left female breast",65,2022,2024,Breast Cancers,,,
"Malignant neoplasm of nipple and areola, left male breast",3,2022,2022,Other Cancers,,,
"Malignant neoplasm of nipple and areola, right female breast",78,2022,2024,Breast Cancers,,,
"Malignant neoplasm of nipple and areola, right male breast",1,2023,2023,Other Cancers,,,
"Malignant neoplasm of nipple and areola, unspecified female breast",118,2022,2024,Breast Cancers,,,
"Malignant neoplasm of nipple and areola, unspecified male breast",26,2022,2023,Other Cancers,,,
Malignant neoplasm of other specified ill-defined sites,21,2022,2023,Other Cancers,,,
Malignant neoplasm of overlapping sites of biliary tract,2,2023,2023,Other Cancers,,,
Malignant neoplasm of overlapping sites of brain,5,2022,2022,Other Cancers,,,
Malignant neoplasm of overlapping sites of colon,2,2022,2022,Gastrointestinal Cancers,,,
Malignant neoplasm of overlapping sites of connective and soft tissue,1,2023,2023,Other Cancers,,,
Malignant neoplasm of overlapping sites of larynx,8,2022,2023,Other Cancers,,,
Malignant neoplasm of overlapping sites of left bronchus and lung,1,2022,2022,Lung Cancer,,,
Malignant neoplasm of overlapping sites of left female breast,7,2022,2023,Breast Cancers,,,
Malignant neoplasm of overlapping sites of left male breast,1,2023,2023,Other Cancers,,,
Malignant neoplasm of overlapping sites of nasopharynx,1,2023,2023,Other Cancers,,,
"Malignant neoplasm of overlapping sites of rectum, anus and anal canal",3,2022,2023,Gastrointestinal Cancers,,,
Malignant neoplasm of overlapping sites of right female breast,1,2022,2022,Breast Cancers,,,
Malignant neoplasm of overlapping sites of tonsil,127,2022,2023,Other Cancers,,,
Malignant neoplasm of overlapping sites of unspecified bronchus and lung,1,2023,2023,Lung Cancer,,,
Malignant neoplasm of overlapping sites of unspecified male breast,1,2024,2024,Breast Cancers,,,
Malignant neoplasm of overlapping sites of urinary organs,1,2023,2023,Other Cancers,,,
Malignant neoplasm of overlapping sites of vulva,1,2022,2022,Other Cancers,,,
"Malignant neoplasm of pancreas, unspecified",6,2022,2024,Liver and Pancreatic Cancers,,,
Malignant neoplasm of pancreatic duct,73,2022,2024,Liver and Pancreatic Cancers,,,
Malignant neoplasm of parathyroid gland,2,2022,2023,Other Cancers,,,
Malignant neoplasm of parietal lobe,2,2022,2022,Other Cancers,,,
Malignant neoplasm of parotid gland,9,2022,2024,Other Cancers,,,
"Malignant neoplasm of pelvic bones, sacrum and coccyx",1,2023,2023,Bone Cancers,,,
Malignant neoplasm of pelvis,24,2022,2024,Other Cancers,,,
"Malignant neoplasm of peripheral nerves of right upper limb, including shoulder",1,2022,2022,Other Cancers,,,
"Malignant neoplasm of peritoneum, unspecified",1,2022,2022,Other Cancers,,,
"Malignant neoplasm of pharynx, unspecified",5,2022,2023,Other Cancers,,,
Malignant neoplasm of pineal gland,2,2022,2022,Other Cancers,,,
Malignant neoplasm of pituitary gland,4,2022,2023,Other Cancers,,,
Malignant neoplasm of pleura,1,2023,2023,Other Cancers,,,
Malignant neoplasm of postcricoid region,1,2022,2022,Other Cancers,,,
Malignant neoplasm of posterior wall of nasopharynx,3,2022,2023,Other Cancers,,,
Malignant neoplasm of posterior wall of oropharynx,1299,2022,2024,Other Cancers,,,
Malignant neoplasm of prostate,281,2022,2024,Male Reproductive Cancers,,,
Malignant neoplasm of pyloric antrum,1,2022,2022,Gastrointestinal Cancers,,,
Malignant neoplasm of rectosigmoid junction,22,2022,2024,Gastrointestinal Cancers,,,
Malignant neoplasm of rectum,105,2022,2024,Gastrointestinal Cancers,,,
Malignant neoplasm of retroperitoneum,2,2022,2024,Other Cancers,,,
"Malignant neoplasm of right kidney, except renal pelvis",10,2022,2023,Bladder and Kidney Cancers,,,
Malignant neoplasm of right main bronchus,20,2022,2023,Lung Cancer,,,
Malignant neoplasm of right ovary,1,2023,2023,Other Cancers,,,
Malignant neoplasm of right renal pelvis,5,2022,2023,Bladder and Kidney Cancers,,,
"Malignant neoplasm of right testis, unspecified whether descended or undescended",3,2022,2023,Other Cancers,,,
Malignant neoplasm of scrotum,133,2022,2024,Other Cancers,,,
Malignant neoplasm of sigmoid colon,4353,2022,2024,Gastrointestinal Cancers,,,
"Malignant neoplasm of small intestine, unspecified",1,2022,2022,Gastrointestinal Cancers,,,
Malignant neoplasm of specified parts of peritoneum,2646,2022,2024,Other Cancers,,,
Malignant neoplasm of sphenoid sinus,1,2023,2023,Other Cancers,,,
Malignant neoplasm of spinal cord,3,2022,2023,Other Cancers,,,
"Malignant neoplasm of stomach, unspecified",4594,2022,2024,Gastrointestinal Cancers,,,
Malignant neoplasm of submandibular gland,1541,2022,2024,Other Cancers,,,
Malignant neoplasm of superior wall of nasopharynx,3,2022,2023,Other Cancers,,,
Malignant neoplasm of supraglottis,4,2022,2023,Other Cancers,,,
Malignant neoplasm of temporal lobe,4,2022,2023,Other Cancers,,,
Malignant neoplasm of thorax,7,2022,2023,Other Cancers,,,
Malignant neoplasm of thymus,9,2022,2024,Other Cancers,,,
Malignant neoplasm of thyroid gland,512,2022,2024,Endocrine Disorders,,,
"Malignant neoplasm of tongue, unspecified",1,2022,2022,Other Cancers,,,
"Malignant neoplasm of tonsil, unspecified",12,2022,2024,Other Cancers,,,
Malignant neoplasm of tonsillar fossa,5,2022,2023,Other Cancers,,,
Malignant neoplasm of tonsillar pillar (anterior) (posterior),9,2022,2023,Other Cancers,,,
Malignant neoplasm of trachea,2,2022,2023,Lung Cancer,,,
Malignant neoplasm of transverse colon,2,2023,2023,Gastrointestinal Cancers,,,
Malignant neoplasm of trigone of bladder,28,2022,2024,Bladder and Kidney Cancers,,,
Malignant neoplasm of undescended left testis,10,2022,2023,Other Cancers,,,
Malignant neoplasm of undescended right testis,9,2022,2023,Other Cancers,,,
Malignant neoplasm of unspecified bones and articular cartilage of unspecified limb,1,2023,2023,Bone Cancers,,,
Malignant neoplasm of unspecified descended testis,2,2023,2023,Other Cancers,,,
"Malignant neoplasm of unspecified kidney, except renal pelvis",8,2022,2023,Bladder and Kidney Cancers,,,
Malignant neoplasm of unspecified main bronchus,34,2022,2023,Lung Cancer,,,
Malignant neoplasm of unspecified ovary,34,2022,2024,Other Cancers,,,
Malignant neoplasm of unspecified part of left bronchus or lung,6,2022,2022,Lung Cancer,,,
Malignant neoplasm of unspecified part of right bronchus or lung,7,2022,2023,Lung Cancer,,,
Malignant neoplasm of unspecified part of unspecified bronchus or lung,1211,2022,2024,Lung Cancer,,,
Malignant neoplasm of unspecified renal pelvis,3,2022,2023,Bladder and Kidney Cancers,,,
Malignant neoplasm of unspecified site of left female breast,61,2022,2023,Breast Cancers,,,
Malignant neoplasm of unspecified site of left male breast,2,2022,2023,Other Cancers,,,
Malignant neoplasm of unspecified site of right eye,1,2022,2022,Other Cancers,,,
Malignant neoplasm of unspecified site of right female breast,293,2022,2023,Breast Cancers,,,
Malignant neoplasm of unspecified site of right male breast,2,2023,2024,Other Cancers,,,
Malignant neoplasm of unspecified site of unspecified female breast,396,2022,2024,Breast Cancers,,,
Malignant neoplasm of unspecified site of unspecified male breast,3,2023,2023,Breast Cancers,,,
"Malignant neoplasm of unspecified testis, unspecified whether descended or undescended",5,2022,2024,Other Cancers,,,
Malignant neoplasm of unspecified undescended testis,9,2022,2023,Other Cancers,,,
Malignant neoplasm of upper gum,11,2022,2023,Other Cancers,,,
"Malignant neoplasm of upper lobe, left bronchus or lung",11,2022,2024,Lung Cancer,,,
"Malignant neoplasm of upper lobe, right bronchus or lung",6,2022,2024,Lung Cancer,,,
"Malignant neoplasm of upper lobe, unspecified bronchus or lung",7,2022,2023,Lung Cancer,,,
"Malignant neoplasm of upper respiratory tract, part unspecified",7,2022,2023,Lung Cancer,,,
Malignant neoplasm of upper third of esophagus,4618,2022,2024,Gastrointestinal Cancers,,,
Malignant neoplasm of upper-inner quadrant of left female breast,4,2022,2023,Breast Cancers,,,
Malignant neoplasm of upper-inner quadrant of right female breast,4,2022,2022,Breast Cancers,,,
Malignant neoplasm of upper-inner quadrant of unspecified female breast,1,2023,2023,Breast Cancers,,,
Malignant neoplasm of upper-outer quadrant of left female breast,28,2022,2024,Breast Cancers,,,
Malignant neoplasm of upper-outer quadrant of right female breast,22,2022,2024,Breast Cancers,,,
Malignant neoplasm of upper-outer quadrant of right male breast,1,2023,2023,Other Cancers,,,
Malignant neoplasm of upper-outer quadrant of unspecified female breast,432,2022,2024,Breast Cancers,,,
"Malignant neoplasm of uterine adnexa, unspecified",1,2023,2023,Other Cancers,,,
"Malignant neoplasm of uterus, part unspecified",4,2023,2024,Other Cancers,,,
Malignant neoplasm of uvula,1,2022,2022,Other Cancers,,,
Malignant neoplasm of vertebral column,1,2022,2022,Other Cancers,,,
"Malignant neoplasm of vulva, unspecified",3,2022,2024,Other Cancers,,,
Malignant poorly differentiated neuroendocrine tumors,1,2022,2022,Other Cancers,,,
"Mantle cell lymphoma, spleen",1,2022,2022,Blood Disorders,,,
"Mast cell leukemia, in relapse",3,2022,2022,Blood Disorders,,,
Mast cell sarcoma,11,2022,2023,Other Cancers,,,
"Mature B-cell leukemia Burkitt-type, in remission",1,2023,2023,Blood Disorders,,,
"Mediastinal (thymic) large B-cell lymphoma, spleen",1,2023,2023,Blood Disorders,,,
Merkel cell carcinoma of lip,1,2022,2022,Other Cancers,,,
Merkel cell carcinoma of skin of breast,3,2022,2023,Skin Cancers,,,
Mesothelioma of pleura,5,2022,2023,Respiratory Conditions,,,
"Mesothelioma, unspecified",1,2023,2023,Respiratory Conditions,,,
Mild intermittent asthma with (acute) exacerbation,3565,2022,2024,Respiratory Conditions,,,
Mild intermittent asthma with status asthmaticus,7,2022,2023,Respiratory Conditions,,,
"Mild intermittent asthma, uncomplicated",149,2022,2024,Respiratory Conditions,,,
Mild persistent asthma with (acute) exacerbation,20,2022,2023,Respiratory Conditions,,,
Mild persistent asthma with status asthmaticus,23,2022,2024,Respiratory Conditions,,,
"Mild persistent asthma, uncomplicated",134,2022,2024,Respiratory Conditions,,,
"Mixed cellularity Hodgkin lymphoma, spleen",3,2022,2023,Blood Disorders,,,
Moderate persistent asthma with (acute) exacerbation,36,2022,2023,Respiratory Conditions,,,
Moderate persistent asthma with status asthmaticus,8,2022,2023,Respiratory Conditions,,,
"Moderate persistent asthma, uncomplicated",100,2022,2024,Respiratory Conditions,,,
Multifocal and multisystemic (disseminated) Langerhans-cell histiocytosis,1,2022,2022,Other Conditions,,,
Multifocal and unisystemic Langerhans-cell histiocytosis,1,2023,2023,Other Conditions,,,
Multiple myeloma in relapse,61,2022,2024,Blood Disorders,,,
Multiple myeloma in remission,17,2022,2023,Blood Disorders,,,
Multiple myeloma not having achieved remission,16,2022,2024,Blood Disorders,,,
"Mycosis fungoides, intrapelvic lymph nodes",6,2022,2023,Other Conditions,,,
"Mycosis fungoides, intrathoracic lymph nodes",2,2023,2023,Other Conditions,,,
"Mycosis fungoides, lymph nodes of axilla and upper limb",3,2022,2023,Other Conditions,,,
"Mycosis fungoides, lymph nodes of head, face, and neck",5,2023,2023,Other Conditions,,,
"Mycosis fungoides, lymph nodes of inguinal region and lower limb",4,2022,2023,Other Conditions,,,
"Mycosis fungoides, lymph nodes of multiple sites",1,2022,2022,Other Conditions,,,
"Mycosis fungoides, spleen",19,2022,2024,Other Conditions,,,
"Mycosis fungoides, unspecified site",183,2022,2024,Other Conditions,,,
"Myeloid leukemia, unspecified in relapse",4,2023,2023,Blood Disorders,,,
"Myeloid leukemia, unspecified in remission",1,2023,2023,Blood Disorders,,,
"Myeloid sarcoma, in relapse",1,2023,2023,Other Cancers,,,
"Myeloid sarcoma, in remission",2,2022,2022,Other Cancers,,,
NEONAT DIABETES MELLITUS,2,2020,2021,Diabetes Mellitus,,,
NEPHROGEN DIABETES INSIP,5,2019,2021,Chronic Kidney Diseases,,,
NEUROPATHY IN DIABETES,3,2020,2021,Diabetes Mellitus,,,
Neonatal hypertension,31,2022,2023,Hypertension,,,
Nephrogenic diabetes insipidus,16,2022,2023,Chronic Kidney Diseases,,,
"Nodular lymphocyte predominant Hodgkin lymphoma, unspecified site",1,2022,2022,Blood Disorders,,,
"Nodular sclerosis Hodgkin lymphoma, lymph nodes of multiple sites",3,2023,2023,Blood Disorders,,,
"Nodular sclerosis Hodgkin lymphoma, spleen",2,2022,2023,Blood Disorders,,,
"Non-Hodgkin lymphoma, unspecified, extranodal and solid organ sites",1,2023,2023,Blood Disorders,,,
"Non-Hodgkin lymphoma, unspecified, intrapelvic lymph nodes",6,2022,2022,Blood Disorders,,,
"Non-Hodgkin lymphoma, unspecified, intrathoracic lymph nodes",2,2022,2022,Blood Disorders,,,
"Non-Hodgkin lymphoma, unspecified, lymph nodes of head, face, and neck",1,2023,2023,Blood Disorders,,,
"Non-Hodgkin lymphoma, unspecified, lymph nodes of multiple sites",1,2022,2022,Blood Disorders,,,
"Non-Hodgkin lymphoma, unspecified, spleen",53,2022,2024,Blood Disorders,,,
"Non-Hodgkin lymphoma, unspecified, unspecified site",16,2022,2024,Blood Disorders,,,
"Non-follicular (diffuse) lymphoma, unspecified, intrathoracic lymph nodes",1,2022,2022,Blood Disorders,,,
"Non-follicular (diffuse) lymphoma, unspecified, spleen",1,2023,2023,Blood Disorders,,,
OCULAR HYPERTENSION,8,2019,2022,Other Conditions,,,
"Ocular hypertension, bilateral",9,2022,2024,Other Conditions,,,
"Ocular hypertension, left eye",16,2022,2024,Other Conditions,,,
"Ocular hypertension, right eye",12,2022,2023,Other Conditions,,,
"Ocular hypertension, unspecified eye",2,2022,2023,Other Conditions,,,
"Other Hodgkin lymphoma, extranodal and solid organ sites",2,2022,2022,Blood Disorders,,,
"Other Hodgkin lymphoma, intra-abdominal lymph nodes",1,2022,2022,Blood Disorders,,,
"Other Hodgkin lymphoma, intrapelvic lymph nodes",7,2022,2023,Blood Disorders,,,
"Other Hodgkin lymphoma, intrathoracic lymph nodes",2,2022,2023,Blood Disorders,,,
"Other Hodgkin lymphoma, lymph nodes of axilla and upper limb",1,2022,2022,Blood Disorders,,,
"Other Hodgkin lymphoma, lymph nodes of multiple sites",1,2023,2023,Blood Disorders,,,
"Other Hodgkin lymphoma, spleen",72,2022,2024,Blood Disorders,,,
"Other Hodgkin lymphoma, unspecified site",16,2022,2024,Blood Disorders,,,
Other asthma,14581,2022,2024,Respiratory Conditions,,,
Other forms of acute ischemic heart disease,91,2022,2024,Heart Diseases,,,
Other forms of chronic ischemic heart disease,89,2022,2024,Heart Diseases,,,
"Other lymphoid leukemia, in relapse",1,2023,2023,Blood Disorders,,,
"Other lymphoid leukemia, in remission",2,2022,2023,Blood Disorders,,,
Other malignant mast cell neoplasm,1,2023,2023,Other Cancers,,,
Other malignant neuroendocrine tumors,30,2022,2024,Other Cancers,,,
Other myeloid leukemia not having achieved remission,2,2023,2023,Blood Disorders,,,
"Other myeloid leukemia, in relapse",11,2022,2024,Blood Disorders,,,
"Other myeloid leukemia, in remission",7,2022,2023,Blood Disorders,,,
"Other non-follicular lymphoma, lymph nodes of inguinal region and lower limb",1,2022,2022,Blood Disorders,,,
"Other non-follicular lymphoma, lymph nodes of multiple sites",2,2023,2023,Blood Disorders,,,
"Other non-follicular lymphoma, spleen",6,2022,2023,Blood Disorders,,,
"Other non-follicular lymphoma, unspecified site",1,2024,2024,Blood Disorders,,,
Other pre-existing diabetes mellitus in childbirth,4,2022,2023,Diabetes Mellitus,,,
"Other pre-existing diabetes mellitus in pregnancy, third trimester",1,2023,2023,Diabetes Mellitus,,,
"Other pre-existing diabetes mellitus in pregnancy, unspecified trimester",1,2023,2023,Diabetes Mellitus,,,
Other sarcomas of liver,7,2022,2024,Liver and Pancreatic Cancers,,,
Other secondary hypertension,1780,2022,2024,Hypertension,,,
Other secondary neuroendocrine tumors,1,2022,2022,Endocrine Disorders,,,
Other secondary pulmonary hypertension,94,2022,2024,hypertension,,,
Other specified carcinomas of liver,8,2022,2024,Liver and Pancreatic Cancers,,,
Other specified diabetes mellitus with diabetic amyotrophy,2,2023,2023,Diabetes Mellitus,,,
Other specified diabetes mellitus with diabetic autonomic (poly)neuropathy,2,2022,2023,Diabetes Mellitus,,,
Other specified diabetes mellitus with diabetic cataract,10,2022,2023,Diabetes Mellitus,,,
Other specified diabetes mellitus with diabetic chronic kidney disease,2,2022,2023,Diabetes Mellitus,,,
Other specified diabetes mellitus with diabetic dermatitis,10,2022,2023,Diabetes Mellitus,,,
"Other specified diabetes mellitus with diabetic macular edema, resolved following treatment, left ey",1,2022,2022,Diabetes Mellitus,,,
Other specified diabetes mellitus with diabetic mononeuropathy,3,2022,2023,Diabetes Mellitus,,,
Other specified diabetes mellitus with diabetic nephropathy,7,2022,2023,Diabetes Mellitus,,,
Other specified diabetes mellitus with diabetic neuropathic arthropathy,2,2022,2023,Diabetes Mellitus,,,
"Other specified diabetes mellitus with diabetic neuropathy, unspecified",24,2022,2024,Diabetes Mellitus,,,
Other specified diabetes mellitus with diabetic polyneuropathy,5,2022,2023,Diabetes Mellitus,,,
Other specified diabetes mellitus with foot ulcer,20,2022,2024,Diabetes Mellitus,,,
Other specified diabetes mellitus with hyperglycemia,204,2022,2024,Diabetes Mellitus,,,
Other specified diabetes mellitus with hyperosmolarity without nonketotic hyperglycemic-hyperosmolar,1,2023,2023,Diabetes Mellitus,,,
Other specified diabetes mellitus with moderate nonproliferative diabetic retinopathy with macular e,1,2022,2022,Diabetes Mellitus,,,
Other specified diabetes mellitus with other circulatory complications,1,2022,2022,Diabetes Mellitus,,,
Other specified diabetes mellitus with other diabetic arthropathy,10,2022,2024,Diabetes Mellitus,,,
Other specified diabetes mellitus with other skin complications,1,2023,2023,Diabetes Mellitus,,,
Other specified diabetes mellitus with other skin ulcer,5,2022,2023,Diabetes Mellitus,,,
Other specified diabetes mellitus with other specified complication,1,2022,2022,Diabetes Mellitus,,,
Other specified diabetes mellitus with periodontal disease,3,2023,2023,Diabetes Mellitus,,,
Other specified diabetes mellitus with proliferative diabetic retinopathy with combined traction ret,1,2023,2023,Diabetes Mellitus,,,
Other specified diabetes mellitus with proliferative diabetic retinopathy with traction retinal deta,1,2022,2022,Diabetes Mellitus,,,
"Other specified diabetes mellitus with proliferative diabetic retinopathy without macular edema, bil",1,2023,2023,Diabetes Mellitus,,,
"Other specified diabetes mellitus with proliferative diabetic retinopathy without macular edema, rig",1,2023,2023,Diabetes Mellitus,,,
Other specified diabetes mellitus with severe nonproliferative diabetic retinopathy with macular ede,1,2023,2023,Diabetes Mellitus,,,
"Other specified diabetes mellitus with stable proliferative diabetic retinopathy, bilateral",3,2022,2023,Diabetes Mellitus,,,
"Other specified diabetes mellitus with stable proliferative diabetic retinopathy, left eye",2,2022,2023,Diabetes Mellitus,,,
Other specified diabetes mellitus with unspecified complications,10,2022,2023,Diabetes Mellitus,,,
Other specified diabetes mellitus with unspecified diabetic retinopathy with macular edema,19,2022,2023,Diabetes Mellitus,,,
Other specified diabetes mellitus with unspecified diabetic retinopathy without macular edema,2,2022,2023,Diabetes Mellitus,,,
Other specified diabetes mellitus without complications,17,2022,2023,Diabetes Mellitus,,,
Other specified hypothyroidism,1113,2022,2024,Endocrine Disorders,,,
Other specified malignant neoplasm of anal skin,2,2022,2023,Skin Cancers,,,
Other specified malignant neoplasm of skin of breast,1,2022,2022,Skin Cancers,,,
Other specified malignant neoplasm of skin of unspecified ear and external auricular canal,1,2023,2023,Skin Cancers,,,
"Other specified malignant neoplasm of skin, unspecified",1,2022,2022,Skin Cancers,,,
"Other specified types of non-Hodgkin lymphoma, lymph nodes of axilla and upper limb",1,2022,2022,Blood Disorders,,,
"Other specified types of non-Hodgkin lymphoma, spleen",1,2023,2023,Blood Disorders,,,
"Other specified types of non-Hodgkin lymphoma, unspecified site",4,2022,2023,Blood Disorders,,,
"Other types of follicular lymphoma, spleen",3,2022,2022,Blood Disorders,,,
PORTAL HYPERTENSION,243,2019,2022,Hypertension,,,
PRIM PULM HYPERTENSION,3,2019,2021,Hypertension,,,
Plasma cell leukemia in relapse,1,2023,2023,Blood Disorders,,,
Plasma cell leukemia in remission,1,2023,2023,Blood Disorders,,,
Portal hypertension,1234,2022,2024,Hypertension,,,
Postinfectious hypothyroidism,78,2022,2024,Endocrine Disorders,,,
Postprocedural hypertension,11,2022,2023,Hypertension,,,
Postprocedural hypothyroidism,74,2022,2024,Endocrine Disorders,,,
Pre-existing essential hypertension complicating childbirth,5,2022,2023,Hypertension,,,
"Pre-existing essential hypertension complicating pregnancy, first trimester",1,2022,2022,Hypertension,,,
"Pre-existing essential hypertension complicating pregnancy, second trimester",1,2022,2022,Hypertension,,,
"Pre-existing essential hypertension complicating pregnancy, third trimester",5,2022,2023,Hypertension,,,
"Pre-existing essential hypertension complicating pregnancy, unspecified trimester",501,2022,2024,Hypertension,,,
Pre-existing essential hypertension complicating the puerperium,2,2022,2022,Hypertension,,,
"Pre-existing hypertension with pre-eclampsia, complicating childbirth",1,2022,2022,Hypertension,,,
"Pre-existing hypertension with pre-eclampsia, first trimester",1,2023,2023,Hypertension,,,
"Pre-existing hypertension with pre-eclampsia, second trimester",4,2022,2022,Hypertension,,,
"Pre-existing hypertension with pre-eclampsia, third trimester",2,2022,2022,Hypertension,,,
Pre-existing secondary hypertension complicating childbirth,3,2022,2022,Hypertension,,,
"Pre-existing secondary hypertension complicating pregnancy, second trimester",1,2023,2023,Hypertension,,,
Pre-existing secondary hypertension complicating the puerperium,1,2022,2022,Hypertension,,,
"Pre-existing type 1 diabetes mellitus, in childbirth",2,2023,2023,Diabetes Mellitus,,,
"Pre-existing type 1 diabetes mellitus, in pregnancy, third trimester",1,2023,2023,Diabetes Mellitus,,,
"Pre-existing type 2 diabetes mellitus, in childbirth",4,2022,2024,Diabetes Mellitus,,,
"Pre-existing type 2 diabetes mellitus, in pregnancy, second trimester",1,2022,2022,Diabetes Mellitus,,,
Prediabetes,601,2022,2024,Diabetes Mellitus,,,
"Pregnancy related renal disease, first trimester",2,2022,2022,Other Conditions,,,
"Pregnancy related renal disease, third trimester",2,2022,2023,Other Conditions,,,
"Pregnancy related renal disease, unspecified trimester",1,2023,2023,Other Conditions,,,
Primary pulmonary hypertension,201,2022,2024,Pulmonary Conditions,,,
Prolymphocytic leukemia of B-cell type not having achieved remission,1,2022,2022,Blood Disorders,,,
"Prolymphocytic leukemia of B-cell type, in relapse",1,2022,2022,Blood Disorders,,,
Pulmonary hypertension due to left heart disease,3,2022,2023,Pulmonary Conditions,,,
Pulmonary hypertension due to lung diseases and hypoxia,2,2022,2023,Pulmonary Conditions,,,
Pulmonary hypertension of newborn,10,2022,2023,Pulmonary Conditions,,,
"Pulmonary hypertension, unspecified",29,2022,2024,Pulmonary Conditions,,,
Renovascular hypertension,128,2022,2024,Hypertension,,,
SCREEN FOR HYPERTENSION,17,2019,2020,Hypertension,,,
SCREEN-DIABETES MELLITUS,48,2019,2022,Diabetes Mellitus,,,
SECOND HYPERTENSION NEC,4,2019,2021,Hypertension,,,
Sarcoma of dendritic cells (accessory cells),2,2022,2023,Other Cancers,,,
"Sebaceous cell carcinoma of skin of right lower eyelid, including canthus",1,2024,2024,Skin Cancers,,,
Secondary and unspecified malignant neoplasm of axilla and upper limb lymph nodes,8,2022,2023,Other Cancers,,,
"Secondary and unspecified malignant neoplasm of lymph node, unspecified",3,2022,2023,Other Cancers,,,
Secondary and unspecified malignant neoplasm of lymph nodes of multiple regions,18,2022,2023,Other Cancers,,,
Secondary carcinoid tumors of bone,4,2022,2023,Other Cancers,,,
Secondary carcinoid tumors of liver,2,2022,2023,Other Conditions,,,
"Secondary hypertension, unspecified",361,2022,2024,Hypertension,,,
Secondary malignant neoplasm of bladder,2,2022,2022,Bladder and Kidney Cancers,,,
Secondary malignant neoplasm of bone,14,2022,2023,Bone Cancers,,,
Secondary malignant neoplasm of brain,12,2022,2023,Other Cancers,,,
Secondary malignant neoplasm of breast,29,2022,2023,Breast Cancers,,,
Secondary malignant neoplasm of left lung,9,2022,2023,Lung Cancer,,,
Secondary malignant neoplasm of liver and intrahepatic bile duct,13,2022,2023,Liver and Pancreatic Cancers,,,
Secondary malignant neoplasm of retroperitoneum and peritoneum,1,2022,2022,Other Cancers,,,
Secondary malignant neoplasm of right lung,11,2022,2024,Lung Cancer,,,
Secondary malignant neoplasm of skin,1,2022,2022,Skin Cancers,,,
Secondary malignant neoplasm of unspecified kidney and renal pelvis,1,2023,2023,Bladder and Kidney Cancers,,,
Secondary malignant neoplasm of unspecified lung,24,2022,2024,Lung Cancer,,,
Secondary malignant neoplasm of unspecified site,1,2022,2022,Other Cancers,,,
Secondary pulmonary arterial hypertension,13,2022,2024,Pulmonary Conditions,,,
Severe persistent asthma with (acute) exacerbation,14,2022,2023,Respiratory Conditions,,,
Severe persistent asthma with status asthmaticus,5,2022,2023,Respiratory Conditions,,,
"Severe persistent asthma, uncomplicated",58,2022,2024,Respiratory Conditions,,,
"Sezary disease, extranodal and solid organ sites",1,2022,2022,Blood Disorders,,,
"Sezary disease, intra-abdominal lymph nodes",3,2022,2022,Blood Disorders,,,
"Sezary disease, lymph nodes of axilla and upper limb",2,2022,2022,Blood Disorders,,,
"Sezary disease, lymph nodes of head, face, and neck",4,2022,2023,Blood Disorders,,,
"Sezary disease, lymph nodes of inguinal region and lower limb",8,2022,2023,Blood Disorders,,,
"Sezary disease, lymph nodes of multiple sites",1,2023,2023,Blood Disorders,,,
"Sezary disease, spleen",5,2022,2023,Blood Disorders,,,
"Sezary disease, unspecified site",3,2022,2022,Blood Disorders,,,
"Small cell B-cell lymphoma, intra-abdominal lymph nodes",1,2022,2022,Blood Disorders,,,
"Small cell B-cell lymphoma, spleen",3,2022,2023,Blood Disorders,,,
"Small cell B-cell lymphoma, unspecified site",7,2022,2023,Blood Disorders,,,
Solitary plasmacytoma not having achieved remission,1,2023,2023,Other Conditions,,,
Squamous cell carcinoma of anal skin,3,2023,2023,Skin Cancers,,,
Squamous cell carcinoma of skin of breast,5,2022,2023,Skin Cancers,,,
Squamous cell carcinoma of skin of left ear and external auricular canal,1,2023,2023,Skin Cancers,,,
Squamous cell carcinoma of skin of lip,3,2022,2023,Skin Cancers,,,
Squamous cell carcinoma of skin of nose,4,2022,2023,Skin Cancers,,,
Squamous cell carcinoma of skin of other part of trunk,1,2023,2023,Skin Cancers,,,
Squamous cell carcinoma of skin of other parts of face,1,2023,2023,Skin Cancers,,,
Squamous cell carcinoma of skin of scalp and neck,4,2022,2024,Skin Cancers,,,
Squamous cell carcinoma of skin of unspecified parts of face,1,2022,2022,Skin Cancers,,,
"Squamous cell carcinoma of skin, unspecified",15,2022,2023,Skin Cancers,,,
Subclinical iodine-deficiency hypothyroidism,207,2022,2024,Endocrine Disorders,,,
Transitory neonatal hyperthyroidism,526,2022,2024,Endocrine Disorders,,,
Type 1 diabetes mellitus with diabetic amyotrophy,9,2022,2023,Diabetes Mellitus,,,
Type 1 diabetes mellitus with diabetic autonomic (poly)neuropathy,1,2022,2022,Diabetes Mellitus,,,
Type 1 diabetes mellitus with diabetic cataract,142,2022,2024,Diabetes Mellitus,,,
Type 1 diabetes mellitus with diabetic chronic kidney disease,4,2022,2023,Diabetes Mellitus,,,
Type 1 diabetes mellitus with diabetic dermatitis,30,2022,2024,Diabetes Mellitus,,,
"Type 1 diabetes mellitus with diabetic macular edema, resolved following treatment, bilateral",1,2022,2022,Diabetes Mellitus,,,
"Type 1 diabetes mellitus with diabetic macular edema, resolved following treatment, left eye",2,2023,2023,Diabetes Mellitus,,,
Type 1 diabetes mellitus with diabetic mononeuropathy,4,2022,2022,Diabetes Mellitus,,,
Type 1 diabetes mellitus with diabetic nephropathy,26,2022,2023,Diabetes Mellitus,,,
Type 1 diabetes mellitus with diabetic neuropathic arthropathy,11,2022,2023,Diabetes Mellitus,,,
"Type 1 diabetes mellitus with diabetic neuropathy, unspecified",39,2022,2024,Diabetes Mellitus,,,
Type 1 diabetes mellitus with diabetic peripheral angiopathy with gangrene,1,2023,2023,Diabetes Mellitus,,,
Type 1 diabetes mellitus with diabetic polyneuropathy,26,2022,2024,Diabetes Mellitus,,,
Type 1 diabetes mellitus with foot ulcer,4093,2022,2024,Diabetes Mellitus,,,
Type 1 diabetes mellitus with hyperglycemia,7718,2022,2024,Diabetes Mellitus,,,
Type 1 diabetes mellitus with hypoglycemia with coma,6,2022,2024,Diabetes Mellitus,,,
Type 1 diabetes mellitus with hypoglycemia without coma,4,2022,2023,Diabetes Mellitus,,,
Type 1 diabetes mellitus with ketoacidosis with coma,8,2022,2023,Diabetes Mellitus,,,
Type 1 diabetes mellitus with ketoacidosis without coma,60,2022,2024,Diabetes Mellitus,,,
"Type 1 diabetes mellitus with mild nonproliferative diabetic retinopathy with macular edema, left ey",3,2022,2022,Diabetes Mellitus,,,
"Type 1 diabetes mellitus with mild nonproliferative diabetic retinopathy with macular edema, right e",1,2023,2023,Diabetes Mellitus,,,
"Type 1 diabetes mellitus with mild nonproliferative diabetic retinopathy with macular edema, unspeci",1,2022,2022,Diabetes Mellitus,,,
"Type 1 diabetes mellitus with mild nonproliferative diabetic retinopathy without macular edema, bila",1,2023,2023,Diabetes Mellitus,,,
"Type 1 diabetes mellitus with moderate nonproliferative diabetic retinopathy with macular edema, lef",1,2023,2023,Diabetes Mellitus,,,
"Type 1 diabetes mellitus with moderate nonproliferative diabetic retinopathy without macular edema, ",2,2022,2023,Diabetes Mellitus,,,
Type 1 diabetes mellitus with other circulatory complications,1,2023,2023,Diabetes Mellitus,,,
Type 1 diabetes mellitus with other diabetic arthropathy,8,2022,2023,Diabetes Mellitus,,,
Type 1 diabetes mellitus with other diabetic neurological complication,1,2022,2022,Diabetes Mellitus,,,
Type 1 diabetes mellitus with other diabetic ophthalmic complication,1,2022,2022,Diabetes Mellitus,,,
Type 1 diabetes mellitus with other skin ulcer,7,2022,2023,Diabetes Mellitus,,,
Type 1 diabetes mellitus with other specified complication,4,2022,2023,Diabetes Mellitus,,,
Type 1 diabetes mellitus with periodontal disease,21,2022,2023,Diabetes Mellitus,,,
Type 1 diabetes mellitus with proliferative diabetic retinopathy with combined traction retinal deta,1,2023,2023,Diabetes Mellitus,,,
"Type 1 diabetes mellitus with proliferative diabetic retinopathy with macular edema, bilateral",1,2023,2023,Diabetes Mellitus,,,
"Type 1 diabetes mellitus with proliferative diabetic retinopathy with macular edema, left eye",7,2022,2023,Diabetes Mellitus,,,
"Type 1 diabetes mellitus with proliferative diabetic retinopathy with macular edema, right eye",1,2022,2022,Diabetes Mellitus,,,
"Type 1 diabetes mellitus with proliferative diabetic retinopathy with macular edema, unspecified eye",1,2023,2023,Diabetes Mellitus,,,
"Type 1 diabetes mellitus with proliferative diabetic retinopathy without macular edema, bilateral",1,2022,2022,Diabetes Mellitus,,,
"Type 1 diabetes mellitus with proliferative diabetic retinopathy without macular edema, left eye",2,2023,2023,Diabetes Mellitus,,,
"Type 1 diabetes mellitus with proliferative diabetic retinopathy without macular edema, right eye",1,2023,2023,Diabetes Mellitus,,,
"Type 1 diabetes mellitus with severe nonproliferative diabetic retinopathy with macular edema, left ",1,2023,2023,Diabetes Mellitus,,,
"Type 1 diabetes mellitus with stable proliferative diabetic retinopathy, bilateral",11,2022,2024,Diabetes Mellitus,,,
"Type 1 diabetes mellitus with stable proliferative diabetic retinopathy, left eye",3,2022,2023,Diabetes Mellitus,,,
"Type 1 diabetes mellitus with stable proliferative diabetic retinopathy, right eye",2,2022,2023,Diabetes Mellitus,,,
"Type 1 diabetes mellitus with stable proliferative diabetic retinopathy, unspecified eye",3,2022,2023,Diabetes Mellitus,,,
Type 1 diabetes mellitus with unspecified complications,24,2022,2023,Diabetes Mellitus,,,
Type 1 diabetes mellitus with unspecified diabetic retinopathy with macular edema,42,2022,2024,Diabetes Mellitus,,,
Type 1 diabetes mellitus with unspecified diabetic retinopathy without macular edema,5,2022,2023,Diabetes Mellitus,,,
Type 1 diabetes mellitus without complications,7685,2022,2024,Diabetes Mellitus,,,
Type 2 diabetes mellitus with diabetic amyotrophy,35,2022,2024,Diabetes Mellitus,,,
Type 2 diabetes mellitus with diabetic autonomic (poly)neuropathy,3,2022,2022,Diabetes Mellitus,,,
Type 2 diabetes mellitus with diabetic cataract,226,2022,2024,Diabetes Mellitus,,,
Type 2 diabetes mellitus with diabetic chronic kidney disease,10,2022,2023,Diabetes Mellitus,,,
Type 2 diabetes mellitus with diabetic dermatitis,36,2022,2023,Diabetes Mellitus,,,
"Type 2 diabetes mellitus with diabetic macular edema, resolved following treatment, left eye",6,2022,2023,Diabetes Mellitus,,,
Type 2 diabetes mellitus with diabetic mononeuropathy,16,2022,2023,Diabetes Mellitus,,,
Type 2 diabetes mellitus with diabetic nephropathy,129,2022,2024,Diabetes Mellitus,,,
Type 2 diabetes mellitus with diabetic neuropathic arthropathy,34,2022,2024,Diabetes Mellitus,,,
"Type 2 diabetes mellitus with diabetic neuropathy, unspecified",237,2022,2024,Diabetes Mellitus,,,
Type 2 diabetes mellitus with diabetic peripheral angiopathy with gangrene,1,2024,2024,Diabetes Mellitus,,,
Type 2 diabetes mellitus with diabetic peripheral angiopathy without gangrene,44,2022,2024,Diabetes Mellitus,,,
Type 2 diabetes mellitus with diabetic polyneuropathy,63,2022,2024,Diabetes Mellitus,,,
Type 2 diabetes mellitus with foot ulcer,6519,2022,2024,Diabetes Mellitus,,,
Type 2 diabetes mellitus with hyperglycemia,77581,2022,2024,Diabetes Mellitus,,,
Type 2 diabetes mellitus with hyperosmolarity with coma,4,2022,2023,Diabetes Mellitus,,,
Type 2 diabetes mellitus with hyperosmolarity without nonketotic hyperglycemic-hyperosmolar coma (NK,25460,2022,2024,Diabetes Mellitus,,,
Type 2 diabetes mellitus with hypoglycemia with coma,5,2022,2023,Diabetes Mellitus,,,
Type 2 diabetes mellitus with hypoglycemia without coma,9,2022,2023,Diabetes Mellitus,,,
Type 2 diabetes mellitus with ketoacidosis with coma,1,2023,2023,Diabetes Mellitus,,,
Type 2 diabetes mellitus with ketoacidosis without coma,336,2022,2024,Diabetes Mellitus,,,
"Type 2 diabetes mellitus with mild nonproliferative diabetic retinopathy with macular edema, bilater",2,2023,2023,Diabetes Mellitus,,,
"Type 2 diabetes mellitus with mild nonproliferative diabetic retinopathy with macular edema, left ey",6,2022,2023,Diabetes Mellitus,,,
"Type 2 diabetes mellitus with mild nonproliferative diabetic retinopathy with macular edema, right e",5,2022,2023,Diabetes Mellitus,,,
"Type 2 diabetes mellitus with mild nonproliferative diabetic retinopathy with macular edema, unspeci",2,2023,2023,Diabetes Mellitus,,,
"Type 2 diabetes mellitus with mild nonproliferative diabetic retinopathy without macular edema, bila",9,2022,2023,Diabetes Mellitus,,,
"Type 2 diabetes mellitus with mild nonproliferative diabetic retinopathy without macular edema, left",16,2022,2023,Diabetes Mellitus,,,
"Type 2 diabetes mellitus with mild nonproliferative diabetic retinopathy without macular edema, righ",13,2022,2023,Diabetes Mellitus,,,
"Type 2 diabetes mellitus with mild nonproliferative diabetic retinopathy without macular edema, unsp",6,2022,2023,Diabetes Mellitus,,,
"Type 2 diabetes mellitus with moderate nonproliferative diabetic retinopathy with macular edema, bil",1,2023,2023,Diabetes Mellitus,,,
"Type 2 diabetes mellitus with moderate nonproliferative diabetic retinopathy with macular edema, lef",2,2023,2023,Diabetes Mellitus,,,
"Type 2 diabetes mellitus with moderate nonproliferative diabetic retinopathy without macular edema, ",5,2022,2023,Diabetes Mellitus,,,
Type 2 diabetes mellitus with other diabetic arthropathy,44,2022,2024,Diabetes Mellitus,,,
Type 2 diabetes mellitus with other diabetic kidney complication,2,2022,2023,Chronic Kidney Diseases,,,
Type 2 diabetes mellitus with other diabetic neurological complication,5,2022,2023,Diabetes Mellitus,,,
Type 2 diabetes mellitus with other diabetic ophthalmic complication,6,2022,2023,Diabetes Mellitus,,,
Type 2 diabetes mellitus with other oral complications,2,2022,2023,Diabetes Mellitus,,,
Type 2 diabetes mellitus with other skin complications,5,2022,2023,Diabetes Mellitus,,,
Type 2 diabetes mellitus with other skin ulcer,32,2022,2024,Diabetes Mellitus,,,
Type 2 diabetes mellitus with other specified complication,810,2022,2024,Diabetes Mellitus,,,
Type 2 diabetes mellitus with periodontal disease,15,2022,2024,Diabetes Mellitus,,,
Type 2 diabetes mellitus with proliferative diabetic retinopathy with combined traction retinal deta,1,2023,2023,Diabetes Mellitus,,,
"Type 2 diabetes mellitus with proliferative diabetic retinopathy with macular edema, bilateral",13,2022,2023,Diabetes Mellitus,,,
"Type 2 diabetes mellitus with proliferative diabetic retinopathy with macular edema, left eye",14,2022,2024,Diabetes Mellitus,,,
"Type 2 diabetes mellitus with proliferative diabetic retinopathy with macular edema, right eye",5,2022,2023,Diabetes Mellitus,,,
"Type 2 diabetes mellitus with proliferative diabetic retinopathy with macular edema, unspecified eye",5,2022,2023,Diabetes Mellitus,,,
Type 2 diabetes mellitus with proliferative diabetic retinopathy with traction retinal detachment in,2,2023,2023,Diabetes Mellitus,,,
"Type 2 diabetes mellitus with proliferative diabetic retinopathy without macular edema, bilateral",5,2022,2023,Diabetes Mellitus,,,
"Type 2 diabetes mellitus with proliferative diabetic retinopathy without macular edema, left eye",3,2022,2022,Diabetes Mellitus,,,
"Type 2 diabetes mellitus with proliferative diabetic retinopathy without macular edema, right eye",3,2022,2023,Diabetes Mellitus,,,
"Type 2 diabetes mellitus with proliferative diabetic retinopathy without macular edema, unspecified ",2,2023,2023,Diabetes Mellitus,,,
"Type 2 diabetes mellitus with severe nonproliferative diabetic retinopathy with macular edema, bilat",8,2022,2023,Diabetes Mellitus,,,
"Type 2 diabetes mellitus with severe nonproliferative diabetic retinopathy with macular edema, left ",4,2022,2023,Diabetes Mellitus,,,
"Type 2 diabetes mellitus with severe nonproliferative diabetic retinopathy with macular edema, right",1,2022,2022,Diabetes Mellitus,,,
"Type 2 diabetes mellitus with severe nonproliferative diabetic retinopathy with macular edema, unspe",1,2023,2023,Diabetes Mellitus,,,
"Type 2 diabetes mellitus with severe nonproliferative diabetic retinopathy without macular edema, bi",3,2022,2023,Diabetes Mellitus,,,
"Type 2 diabetes mellitus with severe nonproliferative diabetic retinopathy without macular edema, un",1,2023,2023,Diabetes Mellitus,,,
"Type 2 diabetes mellitus with stable proliferative diabetic retinopathy, bilateral",21,2022,2024,Diabetes Mellitus,,,
"Type 2 diabetes mellitus with stable proliferative diabetic retinopathy, left eye",20,2022,2023,Diabetes Mellitus,,,
"Type 2 diabetes mellitus with stable proliferative diabetic retinopathy, right eye",8,2022,2023,Diabetes Mellitus,,,
"Type 2 diabetes mellitus with stable proliferative diabetic retinopathy, unspecified eye",6,2022,2023,Diabetes Mellitus,,,
Type 2 diabetes mellitus with unspecified complications,804,2022,2024,Diabetes Mellitus,,,
Type 2 diabetes mellitus with unspecified diabetic retinopathy with macular edema,210,2022,2024,Diabetes Mellitus,,,
Type 2 diabetes mellitus with unspecified diabetic retinopathy without macular edema,1907,2022,2024,Diabetes Mellitus,,,
Type 2 diabetes mellitus without complications,6901,2022,2024,Diabetes Mellitus,,,
Unifocal Langerhans-cell histiocytosis,5,2022,2023,Other Conditions,,,
"Unspecified B-cell lymphoma, spleen",13,2022,2023,Blood Disorders,,,
"Unspecified B-cell lymphoma, unspecified site",3,2022,2023,Blood Disorders,,,
Unspecified asthma with (acute) exacerbation,162,2022,2024,Respiratory Conditions,,,
Unspecified asthma with status asthmaticus,28,2022,2023,Respiratory Conditions,,,
"Unspecified asthma, uncomplicated",2142,2022,2024,Respiratory Conditions,,,
Unspecified diabetes mellitus in childbirth,82,2022,2024,Diabetes Mellitus,,,
"Unspecified diabetes mellitus in pregnancy, third trimester",8,2023,2024,Diabetes Mellitus,,,
"Unspecified diabetes mellitus in pregnancy, unspecified trimester",1,2023,2023,Diabetes Mellitus,,,
Unspecified diabetes mellitus in the puerperium,2,2023,2023,Diabetes Mellitus,,,
Unspecified malignant neoplasm of anal skin,2,2022,2023,Skin Cancers,,,
Unspecified malignant neoplasm of skin of breast,8,2022,2023,Skin Cancers,,,
Unspecified malignant neoplasm of skin of lip,1,2022,2022,Skin Cancers,,,
Unspecified malignant neoplasm of skin of nose,1,2022,2022,Skin Cancers,,,
"Unspecified maternal hypertension, first trimester",3,2022,2023,Hypertension,,,
"Unspecified maternal hypertension, second trimester",6,2023,2023,Hypertension,,,
"Unspecified maternal hypertension, third trimester",7,2022,2024,Hypertension,,,
"Unspecified maternal hypertension, unspecified trimester",3,2022,2023,Hypertension,,,
Unspecified pre-existing diabetes mellitus in childbirth,2,2022,2024,Diabetes Mellitus,,,
Unspecified pre-existing hypertension complicating childbirth,1,2022,2022,Hypertension,,,
"Unspecified pre-existing hypertension complicating pregnancy, third trimester",7,2023,2023,Hypertension,,,
Unspecified pre-existing hypertension complicating the puerperium,2,2022,2023,Hypertension,,,
